B1,B2,B3,B4,B5,B6,B7,B8,B8A,B9,B11,B12,NDVI,CDOM Proxy (B3/B4),NDCI,NSMI,B4/B3,B4/B2,B4/B1,GCE_Salinity,GCE_Temperature(C)
156,191,327,339,523,959,1083,1284,1294,1183,1085,647,0.582255083,0.96460177,0.213457077,0.554259043,1.036697248,1.77486911,2.173076923,2.62,14.33
262,261,357,339,461,627,672,812,816,828,713,444,0.410947003,1.053097345,0.1525,0.454545455,0.949579832,1.298850575,1.29389313,19.26,15.89
369,472,601,597,864,1212,1319,1492,1472,1487,1485,1035,0.428434658,1.006700168,0.18275154,0.434730539,0.993344426,1.264830508,1.617886179,20.58,17.24
396,464,620,581,924,1494,1700,1828,1778,1734,1472,941,0.517642175,1.067125645,0.227906977,0.442642643,0.937096774,1.252155172,1.467171717,18.31,24.85
389,322,432,407,674,1185,1359,1389,1449,1738,1038,602,0.546770601,1.061425061,0.246993525,0.445305771,0.94212963,1.263975155,1.046272494,1.24,25.93
331,305,500,483,763,1111,1203,1243,1293,1610,1040,612,0.44032445,1.035196687,0.224719101,0.526397516,0.966,1.583606557,1.459214502,20.87,30.48
585,686,829,775,1147,1668,1934,1955,2084,1973,1507,954,0.432234432,1.069677419,0.193548387,0.400873362,0.934861279,1.129737609,1.324786325,10.13,30.85
334,430,525,453,690,1145,1371,1374,1445,1376,1132,746,0.50410509,1.158940397,0.207349081,0.389204545,0.862857143,1.053488372,1.356287425,19.6,31.54
217,169,257,252,396,748,795,931,932,1092,652,360,0.573964497,1.01984127,0.222222222,0.501474926,0.980544747,1.49112426,1.161290323,6.59,23.84
264,206,347,327,493,747,940,1069,1122,1430,837,533,0.531518625,1.06116208,0.202439024,0.531818182,0.942363112,1.587378641,1.238636364,21.13,22.84
181,330,406,380,560,895,1112,1196,1242,1234,1098,804,0.517766497,1.068421053,0.191489362,0.408602151,0.935960591,1.151515152,2.099447514,22.98,17.19
148,263,332,298,418,677,829,949,959,982,737,467,0.522052927,1.11409396,0.167597765,0.410974244,0.897590361,1.133079848,2.013513514,21.47,22.55
194,297,381,363,566,958,1106,1274,1294,1309,1049,691,0.556505803,1.049586777,0.218514532,0.429394813,0.952755906,1.222222222,1.871134021,7.38,17.24
243,303,426,448,673,1059,1231,1383,1379,1282,1049,605,0.510649918,0.950892857,0.200713649,0.485131691,1.051643192,1.478547855,1.843621399,3.89,9.5
208,226,327,325,506,883,1063,1154,1219,1032,924,531,0.560513861,1.006153846,0.217809868,0.485193622,0.993883792,1.438053097,1.5625,19.29,9.7
177,237,366,274,206,77,79,81,63,1,36,31,-0.543661972,1.335766423,-0.141666667,0.459521095,0.74863388,1.156118143,1.548022599,21.01,15.81
286,373,459,342,301,137,150,118,103,39,79,66,-0.486956522,1.342105263,-0.063763608,0.364565588,0.745098039,0.91689008,1.195804196,21.21,19.91
402,458,599,492,459,185,180,152,105,19,26,18,-0.527950311,1.217479675,-0.034700315,0.408650742,0.821368948,1.074235808,1.223880597,24.1,15.88
394,500,592,440,387,219,226,216,179,134,150,131,-0.341463415,1.345454545,-0.064087062,0.347258486,0.743243243,0.88,1.116751269,25,17.1
509,651,734,660,631,463,477,489,428,372,381,347,-0.148825065,1.112121212,-0.022463207,0.363325183,0.899182561,1.013824885,1.296660118,24.07,25.92
369,423,500,364,343,165,165,136,108,109,58,42,-0.456,1.373626374,-0.02970297,0.342657343,0.728,0.860520095,0.986449864,24.97,28.51
605,587,666,532,545,430,399,367,378,346,279,230,-0.183537264,1.251879699,0.012070566,0.342296919,0.798798799,0.906303237,0.879338843,24.84,30.44
619,778,893,817,832,559,570,523,491,328,458,410,-0.219402985,1.093023256,0.009096422,0.374598071,0.914893617,1.050128535,1.319870759,27.21,28.98
739,877,971,874,917,728,739,697,692,1274,630,572,-0.112667091,1.110983982,0.024008934,0.355620867,0.900102987,0.996579247,1.182679296,28.84,28.73
506,589,679,564,589,358,375,322,291,290,242,200,-0.273137698,1.203900709,0.021682567,0.3569869,0.830633284,0.957555178,1.114624506,31.02,30.41
496,493,608,535,541,274,280,218,179,145,69,54,-0.420982736,1.136448598,0.005576208,0.397310513,0.879934211,1.085192698,1.078629032,30.01,29.58
667,747,802,710,759,515,523,445,415,389,312,271,-0.229437229,1.129577465,0.033356025,0.338645418,0.885286783,0.950468541,1.064467766,29.75,30.8
1835,828,1050,1079,1292,1311,1485,826,1583,3606,1416,1387,-0.132808399,0.973123262,0.089835512,0.439972946,1.027619048,1.303140097,0.588010899,29.75,30.06
402,440,560,500,484,243,255,199,173,207,58,48,-0.430615165,1.12,-0.016260163,0.413333333,0.892857143,1.136363636,1.243781095,30.48,27.31
342,342,435,250,231,123,128,99,92,68,39,28,-0.432664756,1.74,-0.03950104,0.333982473,0.574712644,0.730994152,0.730994152,32.77,28.37
457,497,621,574,869,1286,1465,1591,1675,1554,1452,958,0.469745958,1.081881533,0.204435204,0.412529551,0.92431562,1.154929577,1.256017505,28.65,29.1
613,568,723,682,975,1266,1491,1475,1599,1566,1429,864,0.367640241,1.060117302,0.176825588,0.424227065,0.94329184,1.200704225,1.112561175,23.86,31.08
430,500,627,600,874,1296,1510,1576,1684,1370,1546,1025,0.448529412,1.045,0.185888738,0.420961204,0.956937799,1.2,1.395348837,30.39,28.84
325,351,460,388,377,155,167,129,105,3,28,13,-0.500967118,1.18556701,-0.014379085,0.414512093,0.843478261,1.105413105,1.193846154,32.06,27.79
377,486,540,423,389,177,172,184,107,166,97,76,-0.393739703,1.276595745,-0.041871921,0.329192547,0.783333333,0.87037037,1.122015915,33.16,24.45
213,301,395,280,219,88,80,76,56,16,27,25,-0.573033708,1.410714286,-0.122244489,0.383196721,0.708860759,0.930232558,1.314553991,22.22,13.53
338,331,403,377,342,157,155,122,101,1,44,33,-0.511022044,1.068965517,-0.04867872,0.404140414,0.935483871,1.13897281,1.115384615,16.4,19.21
193,208,209,219,233,132,133,110,94,25,73,56,-0.331306991,0.9543379,0.030973451,0.34591195,1.04784689,1.052884615,1.134715026,12.56,22.01
344,369,407,352,338,183,189,157,133,74,72,51,-0.383104126,1.15625,-0.020289855,0.345744681,0.864864865,0.953929539,1.023255814,17.94,23.15
209,180,226,227,220,94,99,80,66,25,28,20,-0.478827362,0.995594714,-0.015659955,0.431279621,1.004424779,1.261111111,1.086124402,15.42,21.53
397,458,523,491,494,328,319,324,277,222,201,167,-0.204907975,1.065173116,0.003045685,0.377717391,0.938814532,1.072052402,1.236775819,16.05,22.8
578,691,808,767,773,514,514,501,433,353,340,305,-0.20977918,1.05345502,0.003896104,0.39011474,0.949257426,1.109985528,1.326989619,20.89,22.43
243,258,395,324,312,121,126,101,86,83,77,55,-0.524705882,1.219135802,-0.018867925,0.47185261,0.820253165,1.255813953,1.333333333,21.19,26.38
1655,638,759,736,873,848,955,488,1093,2983,1034,1124,-0.202614379,1.03125,0.085146053,0.401781528,0.96969697,1.153605016,0.444712991,22.98,27.97
789,1334,1470,1391,1517,1354,1349,1435,1240,1028,1239,933,0.01556971,1.056793674,0.043328748,0.364004768,0.946258503,1.042728636,1.762991128,26.52,30.04
818,927,987,858,979,886,930,979,911,2683,805,723,0.065868263,1.15034965,0.065868263,0.331168831,0.869300912,0.925566343,1.048899756,26.08,30.32
341,412,501,338,322,171,182,151,143,99,105,77,-0.382413088,1.482248521,-0.024242424,0.341326938,0.674650699,0.82038835,0.991202346,29.26,30.78
205,234,336,304,256,90,91,81,49,10,12,14,-0.579220779,1.105263158,-0.085714286,0.464530892,0.904761905,1.299145299,1.482926829,25.55,24.75
237,289,441,381,328,101,107,97,65,,9,7,-0.594142259,1.157480315,-0.074753173,0.479747975,0.863945578,1.3183391,1.607594937,27.43,23.96
252,360,469,316,262,77,91,73,61,1,21,18,-0.624678663,1.484177215,-0.093425606,0.371179039,0.673773987,0.877777778,1.253968254,28.77,19.94
345,480,603,509,470,175,176,144,96,1,9,8,-0.558958652,1.184675835,-0.039836568,0.396984925,0.844112769,1.060416667,1.475362319,28.01,22.86
176,265,343,223,178,57,61,52,33,1,34,26,-0.621818182,1.538116592,-0.112219451,0.3622142,0.650145773,0.841509434,1.267045455,27.14,18.74
273,318,438,306,267,83,73,79,52,1,16,19,-0.58961039,1.431372549,-0.068062827,0.401129944,0.698630137,0.962264151,1.120879121,26.91,12.87
330,376,529,349,298,106,97,86,62,1,14,13,-0.604597701,1.515759312,-0.078825348,0.400318979,0.65973535,0.928191489,1.057575758,27.77,10.81
283,359,564,429,387,136,129,130,73,1,19,14,-0.534883721,1.314685315,-0.051470588,0.468934911,0.760638298,1.194986072,1.51590106,25.81,15.32
287,323,535,411,371,128,121,123,69,2,18,13,-0.539325843,1.301703163,-0.051150895,0.490937746,0.768224299,1.27244582,1.432055749,25.81,15.32
354,457,545,352,308,186,181,164,148,102,109,102,-0.364341085,1.548295455,-0.066666667,0.324963072,0.64587156,0.7702407,0.994350282,24.89,18.88
478,554,699,573,542,266,256,224,161,83,67,54,-0.437892095,1.219895288,-0.027802691,0.3932092,0.819742489,1.034296029,1.19874477,28.23,15.52
512,542,689,567,527,260,251,224,161,61,66,52,-0.433628319,1.215167549,-0.036563071,0.397107898,0.822931785,1.046125461,1.107421875,28.23,15.52
446,580,690,551,512,256,253,224,176,130,92,83,-0.421935484,1.252268603,-0.036688617,0.36298737,0.798550725,0.95,1.235426009,28.17,16.85
483,570,681,546,499,250,249,223,176,95,91,81,-0.420026008,1.247252747,-0.044976077,0.365609349,0.801762115,0.957894737,1.130434783,28.17,16.85
504,589,687,487,461,228,218,192,153,119,77,58,-0.434462445,1.410677618,-0.02742616,0.33182076,0.708879185,0.826825127,0.966269841,27.35,21.32
581,701,824,667,666,505,503,490,460,452,407,377,-0.15298185,1.235382309,-0.000750188,0.36040146,0.809466019,0.95149786,1.148020654,26.14,25.47
457,497,621,574,869,1286,1465,1591,1675,1554,1452,958,0.469745958,1.081881533,0.204435204,0.412529551,0.92431562,1.154929577,1.256017505,28.65,29.1
613,568,723,682,975,1266,1491,1475,1599,1566,1429,864,0.367640241,1.060117302,0.176825588,0.424227065,0.94329184,1.200704225,1.112561175,23.86,31.08
430,500,627,600,874,1296,1510,1576,1684,1370,1546,1025,0.448529412,1.045,0.185888738,0.420961204,0.956937799,1.2,1.395348837,30.39,28.84
474,467,599,545,804,1248,1451,1473,1596,2029,1282,820,0.459861249,1.099082569,0.19199407,0.420235878,0.90984975,1.167023555,1.14978903,20.31,28.75
421,464,589,532,803,1148,1462,1430,1518,1751,1256,816,0.457696228,1.107142857,0.202996255,0.414511041,0.903225806,1.146551724,1.263657957,26.85,30.92
553,695,728,645,895,1316,1478,1690,1538,1862,1297,779,0.447537473,1.128682171,0.162337662,0.327852998,0.885989011,0.928057554,1.16636528,11.83,29.66
619,692,816,661,652,495,497,486,455,395,402,370,-0.152571927,1.234493192,-0.006854532,0.361917935,0.81004902,0.955202312,1.067851373,26.14,25.47
489,564,655,464,421,242,251,232,195,201,126,105,-0.333333333,1.411637931,-0.048587571,0.329768271,0.708396947,0.822695035,0.948875256,28.35,27.57
504,542,638,451,414,233,243,224,186,232,124,105,-0.336296296,1.414634146,-0.042774566,0.335377069,0.706896552,0.832103321,0.89484127,28.35,27.57
754,776,907,743,749,604,610,557,579,534,481,408,-0.143076923,1.220726783,0.004021448,0.360263809,0.819184123,0.957474227,0.985411141,27.89,29.38
851,757,892,731,732,592,600,548,570,501,475,402,-0.143080532,1.220246238,0.000683527,0.363865546,0.819506726,0.965653897,0.858989424,27.89,29.38
437,533,624,408,375,187,194,153,143,90,51,36,-0.454545455,1.529411765,-0.042145594,0.31884984,0.653846154,0.765478424,0.933638444,30.87,28.92
629,628,689,474,439,250,252,208,192,185,62,41,-0.390029326,1.453586498,-0.038335159,0.298715801,0.687953556,0.75477707,0.753577107,30.87,28.92
769,934,1070,923,939,714,722,667,658,811,602,556,-0.161006289,1.159263272,0.008592911,0.361803895,0.862616822,0.988222698,1.200260078,31.96,28.51
829,925,1061,916,924,705,716,662,653,728,595,545,-0.160963245,1.158296943,0.004347826,0.362508615,0.863336475,0.99027027,1.104945718,31.96,28.51
512,667,770,622,628,389,386,358,321,301,254,224,-0.269387755,1.237942122,0.0048,0.352112676,0.807792208,0.932533733,1.21484375,33.59,30.15
568,665,766,619,619,387,385,357,321,280,252,220,-0.268442623,1.237479806,0,0.351219512,0.808093995,0.930827068,1.089788732,33.59,30.15
508,536,648,508,517,251,237,186,160,125,35,25,-0.463976945,1.275590551,0.008780488,0.36643026,0.783950617,0.947761194,1,32.75,29.18
567,512,631,497,502,240,228,178,153,97,33,23,-0.472592593,1.269617706,0.005005005,0.375609756,0.787638669,0.970703125,0.87654321,32.75,29.18
519,588,647,450,440,301,296,247,235,302,164,137,-0.291248207,1.437777778,-0.011235955,0.302077151,0.695517774,0.765306122,0.867052023,32.15,30.83
383,483,581,449,459,219,225,187,165,88,106,92,-0.411949686,1.293986637,0.011013216,0.361533377,0.772805508,0.929606625,1.17232376,32.2,29.41
505,551,690,562,547,262,264,222,177,179,49,43,-0.433673469,1.227758007,-0.013525699,0.38879645,0.814492754,1.019963702,1.112871287,32.01,26.78
544,526,670,549,532,250,252,213,169,172,46,41,-0.440944882,1.220400729,-0.015726179,0.39713467,0.819402985,1.043726236,1.009191176,32.01,26.78
549,630,805,643,677,334,330,285,229,191,109,101,-0.385775862,1.251944012,0.025757576,0.393647738,0.798757764,1.020634921,1.171220401,32.46,28.28
958,697,827,759,806,641,673,412,647,1220,476,584,-0.296327925,1.089591568,0.030031949,0.389399912,0.917775091,1.088952654,0.792275574,32.57,25.89
351,372,477,279,259,144,138,138,116,194,48,45,-0.338129496,1.709677419,-0.037174721,0.340425532,0.58490566,0.75,0.794871795,32.67,27.24
396,362,469,277,256,144,138,137,117,181,48,44,-0.338164251,1.693140794,-0.039399625,0.346570397,0.590618337,0.76519337,0.699494949,32.67,27.24
402,525,644,493,492,208,213,178,132,52,49,41,-0.469448584,1.306288032,-0.001015228,0.368231047,0.76552795,0.939047619,1.226368159,32.7,24.42
450,523,639,492,487,208,214,183,137,56,49,41,-0.457777778,1.298780488,-0.005107252,0.367593712,0.769953052,0.940726577,1.093333333,32.7,24.42
308,335,363,189,172,79,83,50,57,1,26,10,-0.581589958,1.920634921,-0.047091413,0.24464487,0.520661157,0.564179104,0.613636364,32.99,24.7
344,478,592,440,382,134,140,122,78,1,8,10,-0.565836299,1.345454545,-0.070559611,0.366887417,0.743243243,0.920502092,1.279069767,32.07,17.85
354,451,571,425,374,129,135,117,74,1,7,10,-0.568265683,1.343529412,-0.063829787,0.376641327,0.744308231,0.942350333,1.200564972,32.07,17.85
370,492,596,428,355,135,124,116,79,2,12,13,-0.573529412,1.392523364,-0.093231162,0.350923483,0.718120805,0.869918699,1.156756757,30.75,14.22
371,460,574,412,346,129,119,108,74,,12,13,-0.584615385,1.393203883,-0.08707124,0.363762102,0.717770035,0.895652174,1.110512129,30.75,14.22
440,531,680,538,502,194,188,167,101,7,8,4,-0.526241135,1.26394052,-0.034615385,0.392795883,0.791176471,1.013182674,1.222727273,31.35,15.2
309,446,551,289,213,56,56,44,37,1,8,3,-0.735735736,1.906574394,-0.151394422,0.306376361,0.524500907,0.647982063,0.935275081,32.2,16.17
266,311,448,244,180,49,51,53,28,1,3,9,-0.643097643,1.836065574,-0.150943396,0.379860419,0.544642857,0.784565916,0.917293233,30.79,13.81
268,279,423,231,169,43,46,48,24,1,2,8,-0.655913978,1.831168831,-0.155,0.40192926,0.546099291,0.827956989,0.861940299,30.79,13.81
322,450,569,338,274,96,91,72,61,1,19,16,-0.648780488,1.683431953,-0.104575163,0.336772292,0.594024605,0.751111111,1.049689441,31.17,14.64
291,396,529,311,260,84,81,56,47,,17,15,-0.694822888,1.70096463,-0.089316988,0.359223301,0.587901701,0.785353535,1.068728522,31.17,14.64
440,517,680,430,355,113,120,86,70,1,10,10,-0.666666667,1.581395349,-0.095541401,0.364474493,0.632352941,0.83172147,0.977272727,31.88,13.97
436,475,649,411,345,107,114,77,61,1,9,9,-0.68442623,1.579075426,-0.087301587,0.381107492,0.633281972,0.865263158,0.94266055,31.88,13.97
322,450,569,338,274,96,91,72,61,1,19,16,-0.648780488,1.683431953,-0.104575163,0.336772292,0.594024605,0.751111111,1.049689441,31.17,14.64
291,396,529,311,260,84,81,56,47,,17,15,-0.694822888,1.70096463,-0.089316988,0.359223301,0.587901701,0.785353535,1.068728522,31.17,14.64
440,517,680,430,355,113,120,86,70,1,10,10,-0.666666667,1.581395349,-0.095541401,0.364474493,0.632352941,0.83172147,0.977272727,31.88,13.97
436,475,649,411,345,107,114,77,61,1,9,9,-0.68442623,1.579075426,-0.087301587,0.381107492,0.633281972,0.865263158,0.94266055,31.88,13.97
423,597,726,537,497,226,215,195,145,133,80,72,-0.467213115,1.351955307,-0.03868472,0.358064516,0.739669421,0.899497487,1.269503546,30.79,12.64
732,715,817,665,622,367,360,353,274,147,168,156,-0.306483301,1.228571429,-0.033411033,0.349112426,0.813953488,0.93006993,0.908469945,29.97,13.71
768,648,875,809,858,630,670,383,661,1112,665,830,-0.35738255,1.0815822,0.029394121,0.444253859,0.924571429,1.24845679,1.053385417,29.24,13.48
769,606,842,785,827,609,650,371,644,963,651,806,-0.358131488,1.072611465,0.026054591,0.457232423,0.932304038,1.295379538,1.020806242,29.24,13.48
348,498,648,536,510,197,187,165,105,1,7,5,-0.529243937,1.208955224,-0.024856597,0.4078478,0.827160494,1.076305221,1.540229885,28.04,13.34
349,464,621,517,496,189,180,156,98,1,7,5,-0.53640416,1.201160542,-0.020730503,0.420724095,0.83252818,1.114224138,1.481375358,28.04,13.34
490,796,954,836,815,432,396,584,245,232,207,148,-0.177464789,1.141148325,-0.012719564,0.384377417,0.876310273,1.050251256,1.706122449,26.72,12.32
506,772,931,815,779,407,374,560,228,159,200,143,-0.185454545,1.142331288,-0.022584693,0.386814932,0.875402793,1.055699482,1.610671937,26.72,12.32
246,342,456,290,227,81,75,71,49,20,16,16,-0.606648199,1.572413793,-0.121856867,0.371323529,0.635964912,0.847953216,1.178861789,26.84,12.77
248,324,442,281,220,77,71,68,46,16,16,16,-0.610315186,1.572953737,-0.121756487,0.381088825,0.635746606,0.867283951,1.133064516,26.84,12.77
397,438,586,474,437,171,176,138,113,5,31,22,-0.549019608,1.23628692,-0.040614709,0.415220294,0.80887372,1.082191781,1.19395466,23.35,17.46
434,400,558,455,430,162,166,125,101,1,28,21,-0.568965517,1.226373626,-0.028248588,0.433828733,0.815412186,1.1375,1.048387097,23.35,17.46
275,320,364,335,328,177,174,155,138,79,98,80,-0.367346939,1.086567164,-0.010558069,0.371933268,0.92032967,1.046875,1.218181818,17.31,20.94
408,466,539,422,394,212,204,174,149,105,70,54,-0.416107383,1.277251185,-0.034313725,0.34688157,0.782931354,0.905579399,1.034313725,24.78,21.31
313,321,417,321,302,152,147,137,109,75,59,44,-0.401746725,1.299065421,-0.030497592,0.393767705,0.769784173,1,1.025559105,23.92,20.53
1826,1305,1276,1121,1412,1901,2197,2146,2299,3276,1785,1266,0.313743496,1.138269402,0.114883537,0.294975689,0.878526646,0.859003831,0.613910186,21.29,31.17
399,451,569,515,803,1262,1447,1478,1545,1516,1343,901,0.483191169,1.104854369,0.218512898,0.41237785,0.905096661,1.141906874,1.290726817,18.38,30.9
415,421,579,547,865,1276,1458,1513,1645,1514,1292,778,0.468932039,1.058500914,0.225212465,0.45572075,0.944732297,1.299287411,1.318072289,16.88,28.71
402,359,493,432,663,1043,1212,1220,1341,1215,1098,639,0.476997579,1.141203704,0.210958904,0.440809969,0.876267748,1.203342618,1.074626866,29.36,28.78
341,337,428,323,316,175,169,157,133,105,73,61,-0.345833333,1.325077399,-0.010954617,0.380514706,0.754672897,0.958456973,0.947214076,20.51,22.65
377,330,422,319,309,169,165,155,133,93,72,60,-0.345991561,1.322884013,-0.015923567,0.383753501,0.755924171,0.966666667,0.846153846,20.51,22.65
663,797,930,896,918,639,638,598,533,431,394,363,-0.199464525,1.037946429,0.012127894,0.392298894,0.96344086,1.124215809,1.351432881,26.06,22.44
696,774,913,883,909,630,629,588,524,438,390,362,-0.200543848,1.033975085,0.014508929,0.39766537,0.967141292,1.140826873,1.268678161,26.06,22.44
352,435,613,526,526,270,264,223,209,158,136,116,-0.404539386,1.16539924,0,0.447268107,0.858075041,1.209195402,1.494318182,25.34,25.9
489,487,644,549,542,295,290,248,232,196,142,118,-0.377666248,1.173041894,-0.006416132,0.420238095,0.852484472,1.127310062,1.122699387,25.34,25.9
754,868,1029,905,928,682,658,636,599,605,537,476,-0.174561973,1.137016575,0.012547736,0.380442541,0.879494655,1.042626728,1.200265252,26.15,27.78
803,851,1017,894,919,675,651,629,593,620,534,474,-0.173998687,1.137583893,0.0137893,0.38377987,0.879056047,1.05052879,1.113325031,26.15,27.78
781,779,948,798,810,545,545,485,486,364,405,352,-0.24395947,1.187969925,0.007462687,0.382970297,0.841772152,1.024390244,1.021766965,31.49,31.27
414,470,582,440,459,202,207,171,141,7,80,61,-0.440261866,1.322727273,0.021134594,0.36997319,0.756013746,0.936170213,1.062801932,29.81,31.39
494,583,769,622,642,424,423,392,392,299,329,292,-0.226824458,1.236334405,0.015822785,0.409321175,0.808842653,1.066895369,1.259109312,29.07,30.26
1411,1012,1250,1183,1359,1276,1290,1092,1284,4695,1127,1278,-0.04,1.056635672,0.069236821,0.412481858,0.9464,1.168972332,0.838412473,31.12,30.08
324,370,435,245,224,136,146,115,117,27,66,51,-0.361111111,1.775510204,-0.044776119,0.295238095,0.563218391,0.662162162,0.75617284,33.23,30.31
390,379,441,253,237,149,157,123,124,74,69,53,-0.345744681,1.743083004,-0.032653061,0.293569432,0.573696145,0.667546174,0.648717949,33.23,30.31
312,362,498,350,287,106,114,108,77,31,28,21,-0.528384279,1.422857143,-0.098901099,0.401652893,0.702811245,0.966850829,1.121794872,28.86,24.22
329,347,485,342,282,103,111,105,75,36,27,21,-0.530201342,1.418128655,-0.096153846,0.408858603,0.705154639,0.985590778,1.039513678,28.86,24.22
376,469,626,545,495,214,211,199,140,40,53,45,-0.465053763,1.148623853,-0.048076923,0.42804878,0.870607029,1.162046908,1.449468085,29.51,23.94
398,447,607,532,490,209,206,193,136,49,52,44,-0.467586207,1.140977444,-0.04109589,0.436317781,0.876441516,1.1901566,1.336683417,29.51,23.94
314,446,561,361,318,111,113,90,60,1,12,18,-0.600886918,1.55401662,-0.063328424,0.347953216,0.643493761,0.80941704,1.149681529,31.12,20.29
325,427,547,353,300,103,107,88,60,1,11,17,-0.600907029,1.549575071,-0.081163859,0.356443105,0.645338208,0.826697892,1.086153846,31.12,20.29
423,574,697,620,616,285,276,230,159,1,7,10,-0.458823529,1.124193548,-0.003236246,0.392913802,0.889526542,1.080139373,1.46572104,29.84,22.5
437,545,671,602,588,272,267,222,154,1,7,9,-0.461165049,1.11461794,-0.011764706,0.400440044,0.897168405,1.104587156,1.377574371,29.84,22.5
347,477,600,435,396,141,142,129,93,1,38,39,-0.542553191,1.379310345,-0.046931408,0.369047619,0.725,0.911949686,1.253602305,29.32,18.62
368,454,582,424,376,132,135,126,92,1,37,37,-0.541818182,1.372641509,-0.06,0.378082192,0.728522337,0.933920705,1.152173913,29.32,18.62
339,391,532,354,285,115,99,97,65,1,8,5,-0.569844789,1.502824859,-0.107981221,0.387627251,0.665413534,0.905370844,1.044247788,28.66,13.43
410,472,631,442,396,145,146,116,77,1,7,9,-0.584229391,1.42760181,-0.054892601,0.388996764,0.700475436,0.936440678,1.07804878,28.97,11.32
428,439,605,426,387,139,139,110,73,1,6,9,-0.589552239,1.420187793,-0.04797048,0.402721088,0.704132231,0.970387244,0.995327103,28.97,11.32
223,143,236,231,189,44,51,57,22,109,59,41,-0.604166667,1.021645022,-0.1,0.531147541,0.978813559,1.615384615,1.035874439,12.23,15.5
308,324,396,304,273,150,156,141,140,175,128,106,-0.366292135,1.302631579,-0.05372617,0.3671875,0.767676768,0.938271605,0.987012987,17.07,19.9
404,412,548,480,445,205,208,183,150,161,91,83,-0.447963801,1.141666667,-0.037837838,0.427777778,0.875912409,1.165048544,1.188118812,17.95,15.5
400,379,468,348,314,178,194,167,163,305,132,122,-0.351456311,1.344827586,-0.051359517,0.365690377,0.743589744,0.918205805,0.87,20.68,17.1
611,593,683,574,593,406,415,428,382,650,386,337,-0.145708583,1.18989547,0.016281063,0.358918919,0.840409956,0.967959528,0.939443535,18.83,24.9
489,383,450,315,288,212,231,173,136,368,143,81,-0.290983607,1.428571429,-0.044776119,0.332752613,0.7,0.822454308,0.644171779,21.03,28.2
633,541,626,479,467,336,333,285,293,429,226,180,-0.253926702,1.306889353,-0.012684989,0.342648846,0.765175719,0.885397412,0.75671406,19.31,30
595,511,596,466,444,188,212,184,164,340,188,152,-0.433846154,1.278969957,-0.024175824,0.350286078,0.781879195,0.911937378,0.783193277,23.74,28.8
459,536,612,476,485,349,355,348,322,486,333,267,-0.155339806,1.285714286,0.009365245,0.339901478,0.777777778,0.888059701,1.037037037,28.72,28.6
403,425,524,380,369,162,182,145,126,299,106,73,-0.447619048,1.378947368,-0.014686248,0.360421369,0.72519084,0.894117647,0.94292804,30.31,30.6
480,377,485,345,301,166,168,114,105,286,93,51,-0.503267974,1.405797101,-0.068111455,0.375310688,0.711340206,0.915119363,0.71875,29.37,29.4
332,332,464,433,629,914,1008,1079,1136,1057,991,602,0.427248677,1.071593533,0.184557439,0.459723352,0.933189655,1.304216867,1.304216867,30.91,27.76
294,348,417,370,491,710,885,976,977,991,817,510,0.450222883,1.127027027,0.140534262,0.386784141,0.887290168,1.063218391,1.258503401,31.2,23.91
424,358,476,357,325,209,210,192,173,450,134,94,-0.300546448,1.333333333,-0.046920821,0.398824517,0.75,0.997206704,0.841981132,27.28,27.5
393,346,441,311,281,146,154,135,122,210,80,64,-0.394618834,1.418006431,-0.050675676,0.369763206,0.70521542,0.898843931,0.791348601,29.22,28.3
171,233,283,275,403,710,824,1007,919,927,809,531,0.570982839,1.029090909,0.18879056,0.410872314,0.971731449,1.180257511,1.608187135,18.02,16.41
220,321,372,386,567,874,1032,1186,1115,1091,932,617,0.508905852,0.96373057,0.189926548,0.405004634,1.037634409,1.202492212,1.754545455,0.71,12.31
213,194,293,299,482,899,977,1159,1179,1062,873,520,0.589849108,0.97993311,0.234314981,0.506361323,1.020477816,1.541237113,1.403755869,16.2,14.77
174,252,297,311,446,710,900,951,981,950,809,530,0.507131537,0.954983923,0.178335535,0.413953488,1.047138047,1.234126984,1.787356322,17.69,15.18
223,223,321,339,529,815,1014,1165,1141,1154,944,573,0.549202128,0.946902655,0.218894009,0.494903737,1.056074766,1.520179372,1.520179372,7.48,11.43
162,261,328,327,484,728,848,936,976,944,851,551,0.482185273,1.003058104,0.193588163,0.430131004,0.99695122,1.252873563,2.018518519,20.18,15.99
236,231,326,326,480,742,845,945,953,917,751,460,0.487018096,1,0.191066998,0.476783692,1,1.411255411,1.381355932,15.27,13.01
189,312,386,405,603,916,1025,1199,1167,1397,948,630,0.495012469,0.95308642,0.196428571,0.434270172,1.049222798,1.298076923,2.142857143,0.78,8.97
213,285,326,347,475,747,849,828,942,927,856,555,0.409361702,0.939481268,0.155717762,0.405010438,1.064417178,1.21754386,1.629107981,2.28,11.44
220,340,426,484,683,1018,1136,1305,1261,1214,1023,713,0.458915595,0.880165289,0.170522708,0.456,1.136150235,1.423529412,2.2,1.78,13.39
250,210,297,299,458,740,854,967,974,978,776,474,0.52764613,0.993311037,0.21003963,0.478908189,1.006734007,1.423809524,1.196,11.1,12.05
324,271,447,391,662,1011,1162,1232,1354,1536,954,537,0.518176217,1.143222506,0.257359924,0.511271416,0.874720358,1.442804428,1.206790123,14.42,27.3
220,270,324,242,182,72,73,67,38,120,36,32,-0.566343042,1.338842975,-0.141509434,0.354066986,0.74691358,0.896296296,1.1,26.71,14.1
313,272,407,327,264,84,92,97,58,208,43,36,-0.54245283,1.244648318,-0.106598985,0.459244533,0.803439803,1.202205882,1.044728435,26,14.5
262,318,404,254,200,71,73,61,46,66,37,25,-0.612698413,1.590551181,-0.118942731,0.348360656,0.628712871,0.798742138,0.969465649,26,16.3
211,158,261,165,123,38,32,46,22,140,48,44,-0.563981043,1.581818182,-0.145833333,0.45890411,0.632183908,1.044303797,0.781990521,25.72,13.5
247,288,371,251,188,64,80,65,59,96,62,53,-0.588607595,1.478087649,-0.143507973,0.367032967,0.676549865,0.871527778,1.016194332,26.57,15.7
374,379,537,354,293,93,88,91,51,118,47,32,-0.591011236,1.516949153,-0.094281298,0.403149606,0.659217877,0.934036939,0.946524064,26.78,14
231,254,324,233,195,67,84,80,68,229,75,60,-0.488817891,1.39055794,-0.088785047,0.373612824,0.719135802,0.917322835,1.008658009,25.29,12.3
682,723,796,844,976,1115,1183,1142,1225,1812,1423,1408,0.150050352,0.943127962,0.072527473,0.388066018,1.060301508,1.16735823,1.237536657,20.13,12.2
229,265,334,320,264,104,98,99,64,147,53,43,-0.527446301,1.04375,-0.095890411,0.423286181,0.958083832,1.20754717,1.397379913,19.17,13.2
287,241,318,314,276,122,109,106,78,191,86,68,-0.495238095,1.012738854,-0.06440678,0.447880871,0.987421384,1.302904564,1.094076655,14.33,12.3
246,234,279,269,199,89,82,91,54,171,62,47,-0.494444444,1.037174721,-0.14957265,0.401534527,0.964157706,1.14957265,1.093495935,15.46,13.4
400,335,405,466,442,216,218,184,155,114,97,62,-0.433846154,0.869098712,-0.026431718,0.444444444,1.150617284,1.391044776,1.165,3.81,18.9
254,190,206,203,210,116,129,107,101,229,100,79,-0.309677419,1.014778325,0.016949153,0.365609349,0.985436893,1.068421053,0.799212598,6.66,22.6
362,312,298,281,280,189,192,173,164,248,104,80,-0.237885463,1.060498221,-0.001782531,0.2996633,0.94295302,0.900641026,0.776243094,13.8,22.4
290,169,199,184,147,104,94,89,68,277,79,55,-0.347985348,1.081521739,-0.111782477,0.387681159,0.924623116,1.088757396,0.634482759,19.38,19.7
415,272,299,297,317,219,214,210,198,398,173,144,-0.171597633,1.006734007,0.03257329,0.373271889,0.993311037,1.091911765,0.715662651,13.08,22.3
575,659,733,798,821,603,608,573,508,567,412,369,-0.164113786,0.918546366,0.0142063,0.398173516,1.088676671,1.210925645,1.387826087,10.17,22.1
355,326,462,449,440,187,193,169,151,316,164,123,-0.453074434,1.028953229,-0.010123735,0.472918351,0.971861472,1.377300613,1.264788732,16.33,26.5
377,296,390,331,332,179,194,179,171,482,148,109,-0.298039216,1.178247734,0.001508296,0.417895772,0.848717949,1.118243243,0.877984085,18.97,28.3
350,325,474,394,394,197,206,185,199,295,219,169,-0.360967185,1.203045685,0,0.455155071,0.831223629,1.212307692,1.125714286,25.65,30.5
430,440,537,463,494,388,451,407,435,486,345,249,-0.064367816,1.159827214,0.032392894,0.388888889,0.862197393,1.052272727,1.076744186,25.58,30.5
394,373,449,307,292,194,200,184,177,265,142,88,-0.250509165,1.462540717,-0.025041736,0.339238264,0.683741648,0.8230563,0.779187817,26.93,30.6
206,172,236,277,261,119,131,119,92,145,59,43,-0.398989899,0.85198556,-0.029739777,0.497810219,1.173728814,1.610465116,1.344660194,21.3,24.3
238,237,367,287,240,66,65,77,42,126,44,37,-0.576923077,1.278745645,-0.089184061,0.468013468,0.782016349,1.210970464,1.205882353,23.32,23.4
270,311,391,273,224,99,116,105,102,164,64,43,-0.444444444,1.432234432,-0.098591549,0.362051282,0.698209719,0.877813505,1.011111111,24.66,20.3
343,420,517,464,427,171,187,156,101,143,43,28,-0.496774194,1.114224138,-0.041526375,0.400428266,0.897485493,1.104761905,1.352769679,22.41,22.7
201,237,312,210,163,59,82,72,62,119,66,53,-0.489361702,1.485714286,-0.126005362,0.375494071,0.673076923,0.886075949,1.044776119,22.28,18.5
298,277,392,245,188,67,57,78,70,165,49,33,-0.517027864,1.6,-0.131639723,0.393873085,0.625,0.884476534,0.822147651,24.09,12.2
303,256,367,219,181,70,57,71,54,125,55,40,-0.510344828,1.675799087,-0.095,0.39192399,0.596730245,0.85546875,0.722772277,24.02,10.5
442,493,615,515,499,224,233,197,144,271,100,76,-0.446629213,1.194174757,-0.015779093,0.392483056,0.837398374,1.044624746,1.165158371,23.5,17.2
514,532,619,464,459,369,381,356,342,833,355,320,-0.131707317,1.334051724,-0.005417118,0.341176471,0.749596123,0.872180451,0.902723735,28.8,29.1
1347,1599,1556,1318,1377,1189,1186,1827,1097,2551,1444,1030,0.161844197,1.180576631,0.021892393,0.285043595,0.847043702,0.824265166,0.978470676,30.1,30.9
501,481,590,492,502,216,223,164,144,384,67,46,-0.5,1.199186992,0.010060362,0.384516955,0.833898305,1.022869023,0.982035928,29.4,29.9
532,482,540,371,360,221,220,164,174,447,130,96,-0.386915888,1.455525606,-0.01504788,0.307968413,0.687037037,0.769709544,0.697368421,30.7,30.6
422,428,555,440,484,168,187,128,104,248,58,35,-0.549295775,1.261363636,0.047619048,0.39845397,0.792792793,1.028037383,1.042654028,29,30.2
430,386,527,349,318,170,172,146,139,400,108,76,-0.41010101,1.510028653,-0.046476762,0.388272583,0.662239089,0.904145078,0.811627907,31.1,27.3
568,525,693,518,568,255,248,212,182,374,106,83,-0.419178082,1.337837838,0.046040516,0.39516129,0.747474747,0.986666667,0.911971831,30.7,29.1
467,277,367,232,193,82,83,63,55,433,66,48,-0.572881356,1.581896552,-0.091764706,0.367579909,0.632152589,0.837545126,0.496788009,31.7,28.1
344,431,526,436,371,140,138,117,92,145,40,24,-0.576853526,1.206422018,-0.080545229,0.381191673,0.828897338,1.011600928,1.26744186,30,18.5
363,383,474,319,243,81,87,74,58,215,47,22,-0.623409669,1.485893417,-0.135231317,0.348639456,0.672995781,0.832898172,0.878787879,30.6,14.7
482,475,624,583,570,279,264,239,156,224,34,23,-0.418491484,1.070325901,-0.011274935,0.435196195,0.934294872,1.227368421,1.209543568,27.1,15.5
438,470,631,447,423,179,188,111,136,213,129,98,-0.602150538,1.41163311,-0.027586207,0.392764858,0.708399366,0.95106383,1.020547945,26.5,16.9
328,268,400,222,147,36,49,53,34,247,47,32,-0.614545455,1.801801802,-0.203252033,0.397752809,0.555,0.828358209,0.676829268,29.3,14.3
362,401,501,347,305,119,116,85,70,181,60,40,-0.606481481,1.443804035,-0.064417178,0.357886309,0.69261477,0.865336658,0.958563536,28.3,15.2
496,510,694,488,423,126,137,111,77,188,44,19,-0.629382304,1.422131148,-0.071350165,0.397163121,0.703170029,0.956862745,0.983870968,27.2,14.7
478,542,676,523,474,185,172,142,108,328,68,60,-0.572932331,1.292543021,-0.049147442,0.377369328,0.773668639,0.964944649,1.094142259,31.4,12.8
337,330,417,385,351,132,130,112,88,213,75,59,-0.549295775,1.083116883,-0.046195652,0.416961131,0.923261391,1.166666667,1.142433234,22.5,13.8
367,423,574,531,526,202,206,173,116,179,42,34,-0.508522727,1.080979284,-0.004730369,0.446335079,0.925087108,1.255319149,1.446866485,21.3,13.7
644,519,771,781,814,532,530,479,470,680,282,281,-0.23968254,0.987195903,0.020689655,0.498792854,1.012970169,1.504816956,1.212732919,11.9,13.1
239,238,274,272,222,82,85,68,53,174,51,28,-0.6,1.007352941,-0.101214575,0.392857143,0.99270073,1.142857143,1.138075314,14.6,14.1
374,315,417,493,497,211,225,166,138,149,77,53,-0.496206373,0.845841785,0.004040404,0.485714286,1.182254197,1.565079365,1.318181818,4.9,19
291,205,217,236,225,119,119,93,84,277,80,69,-0.434650456,0.919491525,-0.023861171,0.376899696,1.087557604,1.151219512,0.810996564,14.6,19.3
364,325,332,309,304,189,182,154,150,257,89,59,-0.334773218,1.074433657,-0.008156607,0.327122153,0.930722892,0.950769231,0.848901099,14,22.7
328,200,257,230,222,105,98,82,77,337,60,45,-0.474358974,1.117391304,-0.017699115,0.41775837,0.894941634,1.15,0.701219512,24.9,19.4
424,231,268,277,272,163,159,141,127,449,95,73,-0.325358852,0.967509025,-0.009107468,0.404639175,1.03358209,1.199134199,0.653301887,21.3,22.1
655,710,835,899,973,726,744,682,580,601,331,288,-0.137254902,0.928809789,0.039529915,0.41898527,1.076646707,1.266197183,1.372519084,6.3,22.3
629,549,707,697,708,386,387,341,322,569,289,234,-0.342967245,1.014347202,0.007829181,0.437788018,0.985855728,1.269581056,1.108108108,17.5,26.6
667,648,795,743,755,484,501,477,444,873,371,306,-0.218032787,1.069986541,0.008010681,0.407136322,0.934591195,1.146604938,1.113943028,19.5,29.1
463,339,505,401,423,225,218,192,210,546,244,179,-0.352445194,1.259351621,0.026699029,0.455421687,0.794059406,1.182890855,0.866090713,29,30.1
359,376,495,373,377,262,291,259,302,600,235,178,-0.180379747,1.327077748,0.005333333,0.395498392,0.753535354,0.992021277,1.038997214,29.5,30
386,443,574,394,385,192,213,168,161,251,123,84,-0.402135231,1.456852792,-0.011553273,0.372076541,0.68641115,0.889390519,1.020725389,26.8,31.3
395,378,503,522,487,292,310,287,266,423,237,171,-0.290482077,0.963601533,-0.03468781,0.461154669,1.03777336,1.380952381,1.321518987,24.3,25
339,309,454,355,292,91,99,88,68,255,47,37,-0.602708804,1.278873239,-0.097372488,0.447227191,0.781938326,1.148867314,1.04719764,24.1,24.5
414,495,626,475,432,145,154,117,82,183,32,25,-0.60472973,1.317894737,-0.047409041,0.379699248,0.758785942,0.95959596,1.147342995,24.8,20.7
456,552,658,638,644,380,359,300,224,256,38,31,-0.360341151,1.031347962,0.004680187,0.402597403,0.969604863,1.155797101,1.399122807,23.1,23.3
325,397,496,342,276,130,169,125,134,242,89,66,-0.464668094,1.450292398,-0.106796117,0.35708502,0.689516129,0.861460957,1.052307692,28.6,19
438,394,542,400,352,130,127,121,72,378,42,35,-0.535508637,1.355,-0.063829787,0.410179641,0.73800738,1.015228426,0.913242009,28.6,14.1
238,293,443,423,375,152,148,148,101,65,37,39,-0.481611208,1.047281324,-0.060150376,0.494391717,0.954853273,1.443686007,1.777310924,23.23,14.78
399,474,596,506,493,252,258,227,198,191,145,110,-0.380627558,1.177865613,-0.013013013,0.398477157,0.848993289,1.067510549,1.268170426,19.18,18.54
518,565,711,726,805,599,605,555,454,164,69,44,-0.133489461,0.979338843,0.051600261,0.435564436,1.021097046,1.284955752,1.401544402,26.45,15.61
505,648,787,710,751,440,431,382,302,182,152,126,-0.3003663,1.108450704,0.028062971,0.395804196,0.902160102,1.095679012,1.405940594,26.36,17.09
577,666,820,693,768,506,507,481,425,541,335,288,-0.180579216,1.183261183,0.051334702,0.388710418,0.845121951,1.040540541,1.201039861,20.41,25.52
463,551,660,505,499,280,277,252,213,222,143,107,-0.334214003,1.306930693,-0.005976096,0.357808858,0.765151515,0.916515426,1.090712743,26.28,27.77
673,643,761,578,603,491,492,430,467,585,369,310,-0.146825397,1.316608997,0.021168501,0.351160444,0.759526938,0.898911353,0.85884101,26.97,29.37
528,622,735,623,690,405,411,349,292,284,121,85,-0.281893004,1.179775281,0.05102818,0.371717172,0.847619048,1.001607717,1.179924242,30.82,28.93
415,519,645,452,444,174,175,133,105,14,34,22,-0.545299145,1.42699115,-0.008928571,0.357673267,0.700775194,0.870905588,1.089156627,31.47,24.81
384,519,634,595,596,300,299,273,179,78,30,24,-0.370967742,1.065546218,0.000839631,0.40617849,0.938485804,1.146435453,1.549479167,30.67,18.5
381,504,607,471,399,154,167,145,107,65,36,25,-0.529220779,1.288747346,-0.082758621,0.362831858,0.775947282,0.93452381,1.236220472,28.53,14.35
439,519,690,638,651,342,332,294,198,95,33,27,-0.369098712,1.081504702,0.010085337,0.43800758,0.924637681,1.229287091,1.453302961,29.67,15.72
355,477,608,402,357,127,120,94,77,11,21,24,-0.620967742,1.512437811,-0.059288538,0.358439812,0.661184211,0.842767296,1.132394366,30.96,16.32
268,337,465,296,237,95,98,100,78,92,45,40,-0.494949495,1.570945946,-0.110694184,0.386156648,0.63655914,0.878338279,1.104477612,28.48,14.18
377,507,639,517,513,225,228,176,140,83,48,34,-0.492063492,1.235976789,-0.003883495,0.390258569,0.809076682,1.019723866,1.371352785,29.18,14.93
474,566,745,583,566,251,235,201,134,38,33,26,-0.487244898,1.27787307,-0.014795474,0.402323126,0.782550336,1.030035336,1.229957806,30.95,14.27
381,513,636,416,376,164,168,156,136,130,89,62,-0.454545455,1.528846154,-0.050505051,0.344408946,0.65408805,0.810916179,1.091863517,27.8,13.33
1035,898,1008,1019,1099,895,934,889,957,2175,1014,1048,-0.068134172,0.989205103,0.037771483,0.385982906,1.010912698,1.134743875,0.984541063,24.29,13.89
403,529,684,645,683,339,336,304,203,134,47,37,-0.359325606,1.060465116,0.028614458,0.430570506,0.942982456,1.219281664,1.600496278,24.12,13.69
192,233,275,248,196,88,90,85,60,82,40,31,-0.489489489,1.108870968,-0.117117117,0.383597884,0.901818182,1.064377682,1.291666667,25.91,13.08
344,318,398,408,400,189,187,163,141,74,71,50,-0.429071804,0.975490196,-0.00990099,0.434163701,1.025125628,1.283018868,1.186046512,16.06,16.51
264,288,316,353,365,212,218,175,149,163,101,71,-0.337121212,0.895184136,0.016713092,0.398119122,1.117088608,1.225694444,1.337121212,11.61,19.28
386,401,447,390,375,217,214,189,168,164,88,67,-0.347150259,1.146153846,-0.019607843,0.352180937,0.872483221,0.972568579,1.010362694,20.19,20.61
268,243,310,269,274,141,136,119,101,162,55,45,-0.386597938,1.152416357,0.009208103,0.408759124,0.867741935,1.106995885,1.003731343,21.11,19.68
397,320,354,346,350,227,247,223,193,341,142,114,-0.216168717,1.023121387,0.005747126,0.37254902,0.97740113,1.08125,0.871536524,14.28,21.77
659,802,925,1007,1094,910,933,879,767,516,419,379,-0.067868505,0.91857001,0.041408853,0.413313826,1.088648649,1.255610973,1.528072838,20.79,21.45
483,644,814,803,889,563,568,510,449,338,319,252,-0.223153085,1.01369863,0.050827423,0.430340557,0.986486486,1.24689441,1.66252588,23.48,25.42
768,861,1048,1026,1077,768,789,714,703,730,576,507,-0.179310345,1.021442495,0.02425107,0.413287905,0.979007634,1.191637631,1.3359375,22.2,28.54
373,465,580,391,378,218,236,194,185,128,121,81,-0.336752137,1.483375959,-0.016905072,0.352367688,0.674137931,0.840860215,1.048257373,31.59,30.06
360,376,517,470,450,209,218,186,149,164,54,36,-0.432926829,1.1,-0.02173913,0.448275862,0.909090909,1.25,1.305555556,26.51,24.76
346,433,607,540,524,212,225,196,130,97,48,31,-0.467391304,1.124074074,-0.015037594,0.451898734,0.889621087,1.247113164,1.560693642,25.92,24.23
334,465,596,384,340,125,125,112,76,35,30,25,-0.548387097,1.552083333,-0.060773481,0.356401384,0.644295302,0.825806452,1.149700599,29.91,20.25
421,572,707,682,701,416,438,362,271,75,29,19,-0.30651341,1.036656891,0.01373825,0.416624171,0.964639321,1.192307692,1.619952494,26.95,22.7
339,432,568,394,352,154,157,139,108,102,81,63,-0.478424015,1.441624365,-0.056300268,0.380200861,0.693661972,0.912037037,1.162241888,24.49,18.75
250,347,437,492,482,232,247,216,176,606,103,57,-0.389830508,0.888211382,-0.01026694,0.456112853,1.125858124,1.417867435,1.968,0.03,19.14
475,534,580,592,629,515,533,480,475,976,219,155,-0.104477612,0.97972973,0.03030303,0.373974209,1.020689655,1.108614232,1.246315789,0.04,21.98
229,240,349,429,443,229,217,223,173,942,116,52,-0.31595092,0.813519814,0.016055046,0.52848723,1.229226361,1.7875,1.873362445,0.04,19.14
284,288,386,476,486,317,312,263,198,1226,158,80,-0.288227334,0.81092437,0.01039501,0.499130435,1.233160622,1.652777778,1.676056338,0.03,19.74
454,622,723,807,825,632,641,616,572,1253,436,384,-0.134223472,0.895910781,0.011029412,0.421933086,1.116182573,1.297427653,1.77753304,0.03,19.51
280,309,473,530,518,138,176,165,153,1119,175,85,-0.525179856,0.89245283,-0.011450382,0.528963415,1.1205074,1.715210356,1.892857143,0.05,24.67
299,313,447,544,567,264,300,250,187,1264,183,96,-0.370277078,0.821691176,0.02070207,0.51993865,1.217002237,1.738019169,1.819397993,0.05,27.06
244,290,475,457,584,302,312,292,253,909,235,131,-0.220293725,1.039387309,0.121998079,0.525368249,0.962105263,1.575862069,1.87295082,0.13,30.47
676,618,874,805,917,909,1079,846,1172,2294,853,710,0.024833434,1.085714286,0.06504065,0.461906835,0.921052632,1.302588997,1.190828402,0.08,29.27
292,395,517,493,493,246,282,282,236,845,158,96,-0.272258065,1.048681542,0,0.43772242,0.953578337,1.248101266,1.688356164,0.07,30.32
245,318,493,597,561,227,246,230,133,571,65,40,-0.443772672,0.825795645,-0.031088083,0.548295455,1.210953347,1.877358491,2.436734694,0.04,22.93
197,278,462,513,465,164,178,187,124,460,80,46,-0.465714286,0.900584795,-0.049079755,0.556264964,1.11038961,1.845323741,2.604060914,0.07,23.59
215,381,548,529,442,156,137,155,77,381,59,40,-0.546783626,1.035916824,-0.089598352,0.477366255,0.965328467,1.388451444,2.460465116,0.06,18.45
164,292,361,368,326,129,145,142,90,398,56,37,-0.443137255,0.980978261,-0.060518732,0.428011753,1.019390582,1.260273973,2.243902439,0.08,22.1
161,318,452,493,430,166,175,162,118,424,83,54,-0.505343511,0.9168357,-0.068255688,0.496437055,1.090707965,1.550314465,3.062111801,0.05,17.23
231,284,472,488,405,154,153,149,95,486,105,62,-0.532182104,0.967213115,-0.092945129,0.54340836,1.033898305,1.718309859,2.112554113,0.07,11.59
230,295,456,425,347,109,115,118,94,437,110,69,-0.565377532,1.072941176,-0.101036269,0.49829932,0.932017544,1.440677966,1.847826087,0.06,9.41
198,216,343,397,331,129,104,98,55,,43,44,-0.604040404,0.863979849,-0.090659341,0.548117155,1.157434402,1.837962963,2.005050505,0.03,14.75
331,407,516,550,549,258,261,213,173,83,119,94,-0.441677588,0.938181818,-0.000909918,0.447386286,1.065891473,1.351351351,1.66163142,0.04,18.67
355,388,560,617,626,314,297,252,178,34,56,43,-0.420023015,0.907617504,0.007240547,0.504153355,1.101785714,1.590206186,1.738028169,2.11,15.55
409,525,680,709,708,370,359,320,242,152,150,125,-0.378036929,0.95909732,-0.000705716,0.451410658,1.042647059,1.35047619,1.733496333,1.17,17.21
639,766,916,899,938,632,632,610,534,473,448,397,-0.191517561,1.0189099,0.021230267,0.406431616,0.981441048,1.173629243,1.406885759,0.33,24.85
374,461,606,495,533,235,247,186,142,105,72,49,-0.453744493,1.224242424,0.036964981,0.409731114,0.816831683,1.073752711,1.323529412,1.69,28.13
561,577,751,640,723,408,393,295,250,195,138,105,-0.368983957,1.1734375,0.060895084,0.413617886,0.852197071,1.109185442,1.140819964,0.73,30.69
674,796,928,853,910,652,659,593,565,431,501,452,-0.179806362,1.087924971,0.032331254,0.382227396,0.919181034,1.07160804,1.265578635,12.64,29.3
713,866,1047,944,981,640,664,587,563,578,516,464,-0.233180927,1.109110169,0.019220779,0.393769688,0.901623687,1.090069284,1.32398317,3.33,28.61
560,669,786,656,693,424,441,382,356,331,304,263,-0.263969171,1.198170732,0.027427724,0.366177167,0.834605598,0.980568012,1.171428571,8.56,30.55
431,436,576,501,534,240,245,178,152,90,59,48,-0.475699558,1.149700599,0.031884058,0.423661599,0.869791667,1.149082569,1.162412993,7.38,28.88
696,793,880,831,941,606,637,502,439,315,247,219,-0.246811703,1.058965102,0.062076749,0.366613419,0.944318182,1.047919294,1.193965517,9.57,31.07
296,383,510,406,456,168,177,128,94,22,57,48,-0.520599251,1.256157635,0.05800464,0.410315627,0.796078431,1.060052219,1.371621622,8.02,29.86
373,404,516,461,472,262,262,237,201,317,137,113,-0.320916905,1.119305857,0.011789925,0.414916727,0.893410853,1.141089109,1.235924933,6.95,27.29
298,315,447,337,362,157,161,131,106,100,90,71,-0.44017094,1.326409496,0.035765379,0.426751592,0.753914989,1.06984127,1.130872483,18.04,28.33
360,377,531,524,604,332,345,268,214,127,60,59,-0.323232323,1.013358779,0.070921986,0.473463687,0.986817326,1.389920424,1.455555556,14.21,27.59
428,555,689,683,714,333,362,275,211,10,79,57,-0.425887265,1.008784773,0.022190408,0.423975091,0.991291727,1.230630631,1.595794393,15.36,24.8
203,305,433,427,394,132,138,115,74,1,25,12,-0.575645756,1.014051522,-0.040194884,0.47639485,0.986143187,1.4,2.103448276,15.16,18.31
202,266,346,360,296,103,102,93,56,1,20,23,-0.589403974,0.961111111,-0.097560976,0.452674897,1.040462428,1.353383459,1.782178218,0.58,13.48
266,347,498,579,583,293,275,251,154,5,27,29,-0.395180723,0.860103627,0.003442341,0.512640449,1.162650602,1.668587896,2.176691729,6.26,15.11
171,225,293,278,253,84,93,62,37,1,26,27,-0.635294118,1.053956835,-0.047080979,0.434673367,0.948805461,1.235555556,1.625730994,5.18,15.5
178,191,298,303,255,75,74,68,34,1,35,34,-0.633423181,0.98349835,-0.086021505,0.517676768,1.016778523,1.586387435,1.702247191,1.88,13.28
256,391,528,573,597,293,296,236,171,1,43,31,-0.416563659,0.921465969,0.020512821,0.475871314,1.085227273,1.465473146,2.23828125,6.02,14.68
265,295,452,427,376,135,126,101,59,1,42,33,-0.617424242,1.058548009,-0.063511831,0.497444634,0.944690265,1.447457627,1.611320755,7.68,14.05
239,361,470,526,511,227,225,200,125,2,54,58,-0.449035813,0.893536122,-0.014464802,0.467943994,1.119148936,1.457063712,2.20083682,0.57,12.46
296,469,612,671,596,270,255,249,177,43,79,76,-0.458695652,0.912071535,-0.059194949,0.464611872,1.096405229,1.430703625,2.266891892,0.04,12.36
250,354,492,550,524,222,210,175,103,1,27,21,-0.517241379,0.894545455,-0.024208566,0.492836676,1.117886179,1.553672316,2.2,0.12,13.8
351,384,621,744,679,282,256,210,143,28,66,55,-0.559748428,0.834677419,-0.045678145,0.560891938,1.198067633,1.9375,2.11965812,0.02,12.2
252,350,473,569,514,202,188,167,103,19,40,31,-0.546195652,0.831282953,-0.050784857,0.497126437,1.202959831,1.625714286,2.257936508,0.02,12.46
314,314,434,509,500,215,212,163,117,1,59,51,-0.514880952,0.852652259,-0.008919722,0.500397772,1.17281106,1.621019108,1.621019108,0.02,16.53
326,423,560,631,593,259,253,200,141,5,76,60,-0.518652226,0.88748019,-0.031045752,0.475836431,1.126785714,1.491725768,1.935582822,0.03,18.95
395,417,451,491,495,283,277,234,187,148,99,66,-0.354482759,0.918533605,0.004056795,0.386313466,1.088691796,1.177458034,1.243037975,0.04,22.44
253,243,335,385,378,168,168,132,92,41,39,28,-0.489361702,0.87012987,-0.009174312,0.495327103,1.149253731,1.58436214,1.52173913,0.05,20.01
309,304,417,506,506,249,253,189,150,79,75,52,-0.456115108,0.824110672,0,0.504482478,1.213429257,1.664473684,1.637540453,0.03,20.01
432,492,593,680,669,391,378,347,289,264,221,194,-0.324245375,0.872058824,-0.008154188,0.442492918,1.146711636,1.382113821,1.574074074,0.03,20.14
286,311,496,555,555,191,201,148,95,68,79,65,-0.578947368,0.893693694,0,0.543318649,1.118951613,1.784565916,1.940559441,0.3,25
355,370,540,601,651,328,340,267,212,284,159,136,-0.384792627,0.898502496,0.039936102,0.510258107,1.112962963,1.624324324,1.692957746,1.06,27.13
358,401,604,588,742,412,447,355,301,105,197,148,-0.247083775,1.027210884,0.115789474,0.496547395,0.973509934,1.466334165,1.642458101,7.78,30.37
380,449,570,459,499,256,274,225,201,122,153,106,-0.342105263,1.241830065,0.041753653,0.392422192,0.805263158,1.022271715,1.207894737,5.06,30.38
341,395,590,698,693,333,339,289,197,53,58,47,-0.414387031,0.845272206,-0.003594536,0.530600119,1.183050847,1.767088608,2.046920821,0.74,23.85
303,369,559,597,594,261,263,230,147,13,53,51,-0.443772672,0.936348409,-0.002518892,0.516065574,1.067978533,1.617886179,1.97029703,0.23,23.68
254,366,507,440,430,137,143,105,77,1,39,21,-0.614678899,1.152272727,-0.011494253,0.442498096,0.867850099,1.202185792,1.732283465,0.25,19.58
315,447,598,598,597,252,263,221,149,1,35,26,-0.46031746,1,-0.00083682,0.455873402,1,1.337807606,1.898412698,0.2,22.9
277,394,562,582,534,204,204,167,112,1,60,57,-0.554072096,0.965635739,-0.043010753,0.487646294,1.035587189,1.47715736,2.101083032,0.31,17.74
278,330,497,511,465,179,169,144,87,1,28,32,-0.560305344,0.97260274,-0.047131148,0.506726457,1.028169014,1.548484848,1.838129496,0.46,12.33
354,427,609,641,655,321,301,256,178,1,30,37,-0.429208473,0.950078003,0.010802469,0.490757305,1.052545156,1.50117096,1.810734463,3.29,10.59
284,297,417,474,414,191,170,174,117,61,57,46,-0.462962963,0.879746835,-0.067567568,0.5,1.136690647,1.595959596,1.669014085,20.75,14.83
363,431,540,597,613,311,311,259,208,132,101,91,-0.394859813,0.904522613,0.01322314,0.450255102,1.105555556,1.385150812,1.644628099,0.09,18.41
381,427,604,586,613,303,288,251,176,36,42,32,-0.400238949,1.030716724,0.022518766,0.471861472,0.970198675,1.37236534,1.538057743,16.53,15.14
423,544,701,658,661,334,321,288,215,135,103,97,-0.391120507,1.065349544,0.00227445,0.428271151,0.938659058,1.209558824,1.555555556,12.65,17.1
612,610,708,545,573,410,392,340,335,321,213,183,-0.231638418,1.299082569,0.025044723,0.345142244,0.769774011,0.893442623,0.890522876,8.36,29.92
530,604,714,592,636,375,371,335,290,260,185,157,-0.277238403,1.206081081,0.035830619,0.367539267,0.829131653,0.98013245,1.116981132,21.37,29.05
673,777,885,772,796,635,648,585,598,762,567,535,-0.137803979,1.146373057,0.015306122,0.361544782,0.872316384,0.993564994,1.147102526,21,28.31
351,352,362,279,290,206,220,199,170,365,150,123,-0.167364017,1.297491039,0.019332162,0.291037261,0.770718232,0.792613636,0.794871795,24.93,30.49
319,408,538,430,497,186,203,141,105,1,28,25,-0.506129597,1.251162791,0.07227616,0.406976744,0.799256506,1.053921569,1.347962382,23.47,29.54
482,535,684,673,712,419,430,357,296,270,86,68,-0.306796117,1.016344725,0.028158845,0.434460888,0.983918129,1.257943925,1.39626556,20.4,26.89
454,514,680,467,469,240,239,208,185,164,128,118,-0.383703704,1.456102784,0.002136752,0.381095725,0.686764706,0.908560311,1.028634361,32.56,28.12
430,441,581,559,628,336,343,272,207,60,22,14,-0.345367028,1.039355993,0.058129739,0.442125237,0.962134251,1.267573696,1.3,17.63,27.4
1236,1239,1277,1202,1369,1329,1362,1214,1390,3056,1470,1747,0.004966887,1.062396007,0.06495527,0.333512641,0.941268598,0.970137207,0.972491909,26.32,16.34
190,199,293,241,197,65,55,58,24,1,9,11,-0.612040134,1.215767635,-0.100456621,0.457025921,0.822525597,1.211055276,1.268421053,11.87,13.67
254,373,504,473,460,168,164,131,90,1,11,16,-0.566225166,1.065539112,-0.013933548,0.447407407,0.938492063,1.268096515,1.862204724,10.73,14.91
388,471,661,466,426,140,135,105,69,1,15,15,-0.632224168,1.418454936,-0.044843049,0.410513141,0.704992436,0.989384289,1.201030928,28.68,14.34
478,560,709,667,639,354,330,276,253,343,168,146,-0.414634146,1.062968516,-0.02143951,0.421487603,0.940761636,1.191071429,1.39539749,8.19,12.94
308,424,584,639,620,272,257,224,141,1,15,18,-0.480880649,0.913928013,-0.015091342,0.485124469,1.094178082,1.507075472,2.074675325,6.39,13.66
368,420,655,775,720,311,289,235,160,38,34,30,-0.534653465,0.84516129,-0.036789298,0.545945946,1.183206107,1.845238095,2.105978261,4.95,12.31
276,358,488,582,517,224,206,189,121,36,25,21,-0.509727626,0.838487973,-0.059144677,0.49859944,1.192622951,1.625698324,2.108695652,15.66,13.18
345,346,461,551,537,241,238,190,136,1,27,31,-0.487179487,0.836660617,-0.012867647,0.490427099,1.195227766,1.592485549,1.597101449,0.04,16.75
375,468,600,669,653,315,300,251,195,72,95,91,-0.454347826,0.896860987,-0.012102874,0.461139896,1.115,1.429487179,1.784,0.03,19.08
633,796,782,765,755,520,509,602,410,378,335,209,-0.11923921,1.022222222,-0.006578947,0.320529236,0.97826087,0.961055276,1.208530806,16.59,20.89
289,273,370,435,432,188,182,157,105,38,16,21,-0.469594595,0.850574713,-0.003460208,0.493506494,1.175675676,1.593406593,1.505190311,1.45,20.66
349,344,440,529,519,259,245,204,154,66,33,30,-0.443383356,0.831758034,-0.009541985,0.476009139,1.202272727,1.537790698,1.515759312,0.04,20.1
651,771,900,1009,1009,706,695,656,584,439,438,406,-0.212012012,0.89197225,0,0.424626866,1.121111111,1.308690013,1.549923195,2.94,20.7
337,377,561,584,594,257,255,203,159,97,86,68,-0.4841169,0.960616438,0.008488964,0.504599212,1.040998217,1.549071618,1.732937685,14.19,25.06
723,804,948,975,1022,735,728,696,651,663,574,494,-0.166965889,0.972307692,0.023535303,0.410341034,1.028481013,1.212686567,1.348547718,17.34,27.54
458,492,693,687,805,479,501,407,380,183,219,177,-0.255941499,1.008733624,0.079088472,0.474358974,0.991341991,1.396341463,1.5,12.87,29.98
465,640,783,829,972,755,789,725,616,600,317,220,-0.066924067,0.94451146,0.079400333,0.431616341,1.058748404,1.2953125,1.782795699,8.51,29.35
530,637,798,633,671,419,440,336,373,460,271,217,-0.306501548,1.260663507,0.029141104,0.383945841,0.793233083,0.993720565,1.194339623,27.88,30.08
353,409,602,662,669,316,316,280,193,54,37,35,-0.40552017,0.909365559,0.005259204,0.51105798,1.099667774,1.618581907,1.875354108,9.76,24.35
307,385,579,559,573,221,223,200,125,13,14,23,-0.472990777,1.035778175,0.012367491,0.49441891,0.965457686,1.451948052,1.820846906,9.61,23.66
308,440,584,450,417,150,150,118,82,1,21,18,-0.584507042,1.297777778,-0.038062284,0.402985075,0.770547945,1.022727273,1.461038961,26.02,20.19
340,473,631,584,575,222,229,180,108,1,11,15,-0.528795812,1.080479452,-0.007765315,0.43957346,0.925515055,1.234672304,1.717647059,19.26,22.69
313,434,605,559,517,206,195,167,115,2,44,44,-0.539944904,1.082289803,-0.039033457,0.456821026,0.923966942,1.288018433,1.785942492,4.08,18.1
369,430,620,674,724,419,422,375,251,24,16,13,-0.285033365,0.919881306,0.035765379,0.501160093,1.087096774,1.56744186,1.826558266,4.9,12.67
375,437,625,561,563,239,224,191,124,1,10,7,-0.492021277,1.114081996,0.001779359,0.461491066,0.8976,1.28375286,1.496,13.8,11.42
180,168,276,230,213,148,147,164,170,251,171,104,-0.16751269,1.2,-0.038374718,0.50148368,0.833333333,1.369047619,1.277777778,13.62,15.63
314,370,469,353,400,350,383,356,367,554,359,244,0.004231312,1.328611898,0.062416999,0.379194631,0.752665245,0.954054054,1.124203822,18.85,20.78
319,327,446,356,385,319,348,336,326,388,277,166,-0.028901734,1.252808989,0.039136302,0.420726306,0.798206278,1.088685015,1.115987461,18.57,15.3
445,574,688,587,652,590,625,616,603,853,499,350,0.024106401,1.172061329,0.052461663,0.379123851,0.853197674,1.022648084,1.319101124,20.06,24.7
412,525,603,504,525,326,349,326,300,456,334,243,-0.214457831,1.196428571,0.020408163,0.356617647,0.835820896,0.96,1.223300971,24.79,29.26
502,677,750,656,736,678,719,693,713,1316,668,526,0.027427724,1.143292683,0.057471264,0.349975996,0.874666667,0.968980798,1.306772908,28.24,29.28
734,687,836,813,1013,1156,1342,889,1444,1465,1143,1068,0.044653349,1.028290283,0.109529025,0.411815068,0.972488038,1.183406114,1.107629428,29.58,30.98
401,385,477,357,426,397,410,370,407,451,354,214,0.017881706,1.336134454,0.088122605,0.368334701,0.748427673,0.927272727,0.890274314,27.84,29.9
412,525,603,504,525,326,349,326,300,456,334,243,-0.214457831,1.196428571,0.020408163,0.356617647,0.835820896,0.96,1.223300971,24.79,29.26
502,677,750,656,736,678,719,693,713,1316,668,526,0.027427724,1.143292683,0.057471264,0.349975996,0.874666667,0.968980798,1.306772908,28.24,29.28
734,687,836,813,1013,1156,1342,889,1444,1465,1143,1068,0.044653349,1.028290283,0.109529025,0.411815068,0.972488038,1.183406114,1.107629428,29.58,30.98
401,385,477,357,426,397,410,370,407,451,354,214,0.017881706,1.336134454,0.088122605,0.368334701,0.748427673,0.927272727,0.890274314,27.84,29.9
295,319,407,288,331,254,287,243,269,445,242,146,-0.084745763,1.413194444,0.069466882,0.370808679,0.707616708,0.902821317,0.976271186,27.9,30.51
387,397,523,382,414,383,423,380,407,647,331,191,-0.002624672,1.369109948,0.040201005,0.390168971,0.73040153,0.962216625,0.987080103,29.36,26.98
405,416,527,409,494,490,544,504,519,692,384,233,0.104052574,1.288508557,0.094130676,0.384615385,0.776091082,0.983173077,1.009876543,30.97,27.86
1731,1378,1411,1240,1420,1592,1700,1824,1702,2793,1472,1136,0.190600522,1.137903226,0.067669173,0.315959295,0.878809355,0.899854862,0.716348931,31.57,24.18
292,373,434,286,252,115,128,95,93,2,60,35,-0.501312336,1.517482517,-0.063197026,0.31747484,0.658986175,0.766756032,0.979452055,27.85,25.31
250,346,410,310,283,191,199,221,204,229,169,101,-0.167608286,1.322580645,-0.045531197,0.350844278,0.756097561,0.895953757,1.24,28.61,16.96
250,312,374,259,232,197,207,226,220,268,192,122,-0.068041237,1.444015444,-0.054989817,0.33968254,0.692513369,0.830128205,1.036,27.18,13.87
296,328,417,310,301,192,214,211,200,299,174,104,-0.190019194,1.34516129,-0.014729951,0.378199052,0.743405276,0.945121951,1.047297297,27.43,15.09
215,282,332,214,195,93,105,84,84,40,78,54,-0.436241611,1.551401869,-0.046454768,0.31884058,0.644578313,0.758865248,0.995348837,26.6,16.3
272,261,376,271,277,220,235,260,234,326,250,159,-0.020715631,1.387453875,0.010948905,0.425110132,0.720744681,1.038314176,0.996323529,26.82,12.87
285,377,443,342,359,263,291,274,268,352,258,159,-0.11038961,1.295321637,0.02425107,0.351118761,0.772009029,0.907161804,1.2,27.03,15.59
279,303,404,252,220,123,125,110,112,82,94,64,-0.392265193,1.603174603,-0.06779661,0.368091762,0.623762376,0.831683168,0.903225806,26.79,14.03
287,344,418,307,334,293,327,327,315,566,306,216,0.031545741,1.361563518,0.042121685,0.356407858,0.734449761,0.89244186,1.069686411,26.72,12.08
257,329,417,352,341,248,260,262,244,429,230,137,-0.146579805,1.184659091,-0.015873016,0.400728597,0.8441247,1.069908815,1.369649805,19.69,13.68
242,228,314,258,249,186,230,203,214,264,248,159,-0.119305857,1.217054264,-0.017751479,0.43,0.821656051,1.131578947,1.066115702,18.65,11.72
183,190,208,178,162,138,144,143,143,229,157,115,-0.109034268,1.168539326,-0.047058824,0.340277778,0.855769231,0.936842105,0.972677596,12.96,13.8
338,294,342,348,380,269,279,246,283,236,268,184,-0.171717172,0.982758621,0.043956044,0.402439024,1.01754386,1.183673469,1.029585799,6.6,19.78
327,325,380,360,445,438,474,451,451,591,413,277,0.112207152,1.055555556,0.105590062,0.389671362,0.947368421,1.107692308,1.100917431,7.09,22.08
349,325,339,305,365,324,378,326,323,502,288,185,0.033280507,1.11147541,0.089552239,0.329205366,0.899705015,0.938461538,0.873925501,11.41,23.61
340,284,368,327,416,451,502,483,491,702,438,262,0.192592593,1.125382263,0.119784657,0.419816139,0.888586957,1.151408451,0.961764706,14.52,20.8
296,306,454,408,498,425,462,435,479,551,439,268,0.03202847,1.112745098,0.099337748,0.476027397,0.898678414,1.333333333,1.378378378,15.4,26.52
320,303,426,346,417,394,424,387,424,627,391,243,0.055934516,1.231213873,0.093053735,0.43627907,0.812206573,1.141914191,1.08125,19.13,28.49
354,394,533,464,620,639,711,650,710,729,571,337,0.166965889,1.148706897,0.143911439,0.433501078,0.87054409,1.177664975,1.310734463,26.44,29.83
289,324,383,273,305,271,323,276,293,346,205,124,0.005464481,1.402930403,0.055363322,0.33877551,0.712793734,0.842592593,0.944636678,27.15,30.82
266,286,398,341,406,447,507,511,497,501,318,163,0.199530516,1.167155425,0.087014726,0.44195122,0.85678392,1.192307692,1.281954887,22.79,24.1
244,278,409,326,347,308,347,354,343,399,244,136,0.041176471,1.254601227,0.031203566,0.451135242,0.797066015,1.172661871,1.336065574,24.58,23.16
184,244,304,199,168,100,116,127,119,167,80,44,-0.220858896,1.527638191,-0.084468665,0.346720214,0.654605263,0.81557377,1.081521739,24.58,19.77
270,385,459,367,362,262,289,282,277,231,177,96,-0.130970724,1.250681199,-0.006858711,0.36416185,0.79956427,0.953246753,1.359259259,23.95,22.91
245,320,405,281,293,253,283,277,281,377,232,140,-0.007168459,1.441281139,0.020905923,0.363817097,0.69382716,0.878125,1.146938776,23.93,18.59
268,258,371,251,271,280,305,339,316,430,252,141,0.149152542,1.478087649,0.038314176,0.413636364,0.676549865,0.972868217,0.936567164,24.37,12.32
277,256,368,241,252,242,274,257,251,346,233,133,0.032128514,1.526970954,0.022312373,0.408092486,0.654891304,0.94140625,0.870036101,24.51,10.67
175,216,330,378,331,157,150,145,115,165,105,77,-0.445506692,0.873015873,-0.06629055,0.532467532,1.145454545,1.75,2.16,0.05,14.59
291,385,470,503,507,280,272,246,208,308,139,104,-0.343124166,0.934393638,0.003960396,0.432989691,1.070212766,1.306493506,1.728522337,0.05,18.1
298,311,442,479,458,212,205,173,135,262,77,47,-0.469325153,0.922755741,-0.022411953,0.49512987,1.083710407,1.540192926,1.60738255,0.04,15.07
358,486,641,629,565,296,304,270,233,475,148,116,-0.399332592,1.019077901,-0.05360134,0.446469248,0.981279251,1.294238683,1.75698324,0.06,16.41
400,564,726,742,708,429,455,429,370,740,252,195,-0.267292912,0.978436658,-0.023448276,0.44488189,1.022038567,1.315602837,1.855,0.06,24.35
402,510,692,565,621,320,353,294,244,567,117,64,-0.31548312,1.224778761,0.047217538,0.422750424,0.816473988,1.107843137,1.405472637,0.07,27.74
564,573,775,685,716,416,436,315,291,499,157,102,-0.37,1.131386861,0.022127052,0.436301033,0.883870968,1.195462478,1.214539007,0.08,30.57
409,472,552,425,484,186,194,137,110,383,94,56,-0.512455516,1.298823529,0.064906491,0.348516218,0.769927536,0.900423729,1.039119804,0.11,30.08
620,796,1013,892,929,598,634,571,558,834,428,339,-0.219412167,1.135650224,0.020318506,0.410588671,0.880552813,1.120603015,1.438709677,0.46,28.35
399,441,553,410,463,245,283,235,236,662,155,118,-0.271317829,1.348780488,0.060710195,0.371794872,0.741410488,0.929705215,1.027568922,0.59,31.06
366,398,460,369,423,292,309,242,258,443,223,173,-0.207855974,1.246612466,0.068181818,0.351263244,0.802173913,0.927135678,1.008196721,0.63,29.88
3178,1489,1436,1346,1682,1719,2021,917,2221,6227,1313,1689,-0.189571365,1.066864785,0.110964333,0.302739405,0.937325905,0.903962391,0.423536816,0.72,31.63
279,363,461,379,443,204,228,173,155,505,85,46,-0.373188406,1.216358839,0.077858881,0.396508728,0.822125813,1.044077135,1.358422939,0.64,30.91
351,368,497,428,464,283,314,259,273,633,171,102,-0.245997089,1.161214953,0.040358744,0.430781129,0.861167002,1.163043478,1.219373219,0.65,28.23
315,344,444,391,427,243,249,221,206,470,155,104,-0.277777778,1.135549872,0.04400978,0.416454623,0.880630631,1.136627907,1.241269841,1.2,28.92
231,231,332,290,337,161,168,134,114,339,86,50,-0.367924528,1.144827586,0.074960128,0.458382181,0.873493976,1.255411255,1.255411255,1.34,28.17
106,143,96,71,61,37,49,42,45,45,52,42,-0.256637168,1.352112676,-0.075757576,0.077419355,0.739583333,0.496503497,0.669811321,2.18,25.09
332,357,316,279,291,215,224,210,197,390,158,123,-0.141104294,1.132616487,0.021052632,0.25,0.882911392,0.781512605,0.840361446,0.28,24.39
115,207,236,287,271,125,146,136,101,314,73,52,-0.356973995,0.822299652,-0.028673835,0.432876712,1.216101695,1.38647343,2.495652174,0.14,17.58
139,243,308,365,323,137,150,153,119,327,74,45,-0.409266409,0.843835616,-0.061046512,0.469432314,1.185064935,1.502057613,2.625899281,0.09,13.26
169,212,346,405,385,152,179,162,122,334,80,45,-0.428571429,0.854320988,-0.025316456,0.559709242,1.170520231,1.910377358,2.396449704,0.1,14.42
154,262,342,346,320,123,134,126,101,230,79,61,-0.466101695,0.988439306,-0.039039039,0.448421053,1.011695906,1.320610687,2.246753247,0.08,14.63
136,166,292,320,272,104,105,103,75,249,77,56,-0.513002364,0.9125,-0.081081081,0.573264781,1.095890411,1.927710843,2.352941176,0.08,12.7
125,235,296,313,291,124,134,109,100,209,87,56,-0.483412322,0.945686901,-0.036423841,0.443127962,1.057432432,1.331914894,2.504,0.08,14.08
200,232,339,379,347,171,152,154,121,225,96,61,-0.422138837,0.894459103,-0.044077135,0.511578947,1.1179941,1.63362069,1.895,0.13,13.47
216,395,598,726,698,306,287,263,177,294,93,71,-0.468149646,0.82369146,-0.019662921,0.540430483,1.214046823,1.837974684,3.361111111,0.06,11.16
860,852,897,952,1119,1175,1268,1202,1367,2156,1664,1813,0.116063138,0.942226891,0.080637373,0.369122547,1.061315496,1.117370892,1.106976744,0.03,11.97
190,302,401,456,390,159,164,143,102,244,60,54,-0.522537563,0.879385965,-0.078014184,0.478861087,1.137157107,1.509933775,2.4,0.04,13.44
344,410,638,765,712,295,307,244,185,226,109,85,-0.516352825,0.833986928,-0.035883548,0.547710976,1.199059561,1.865853659,2.223837209,0.03,12.25
294,330,495,569,547,189,179,147,128,435,132,77,-0.589385475,0.869947276,-0.019713262,0.526542324,1.149494949,1.724242424,1.93537415,0.05,24.55
345,348,478,568,566,223,240,204,169,423,115,66,-0.471502591,0.841549296,-0.001763668,0.50071736,1.188284519,1.632183908,1.646376812,0.05,26.82
241,257,427,376,451,190,201,159,160,463,189,113,-0.405607477,1.135638298,0.090689238,0.51509434,0.880562061,1.463035019,1.560165975,0.1,30.59
320,427,545,499,495,298,329,305,287,590,182,107,-0.241293532,1.092184369,-0.004024145,0.419442556,0.91559633,1.168618267,1.559375,0.07,30.16
268,334,533,637,587,245,259,217,154,352,76,43,-0.491803279,0.836734694,-0.040849673,0.555851064,1.195121951,1.907185629,2.376865672,0.04,22.9
203,272,450,482,427,140,182,151,93,373,77,57,-0.522906793,0.933609959,-0.060506051,0.548172757,1.071111111,1.772058824,2.374384236,0.07,23.26
228,403,595,558,473,172,179,162,146,380,94,66,-0.55,1.066308244,-0.082444229,0.482005141,0.937815126,1.384615385,2.447368421,0.06,18.02
168,284,350,350,308,131,145,128,105,294,77,50,-0.464435146,1,-0.063829787,0.422764228,1,1.232394366,2.083333333,0.07,22.04
173,323,464,510,455,179,177,172,138,323,103,66,-0.495601173,0.909803922,-0.056994819,0.501927525,1.099137931,1.578947368,2.947976879,0.05,17.22
241,316,507,534,445,174,166,159,121,279,78,47,-0.541125541,0.949438202,-0.090909091,0.534266765,1.053254438,1.689873418,2.215767635,0.06,11.69
241,299,469,444,359,131,135,113,98,203,82,61,-0.594254937,1.056306306,-0.105853051,0.50660066,0.946695096,1.484949833,1.842323651,0.05,9.18
173,323,464,510,455,179,177,172,138,323,103,66,-0.495601173,0.909803922,-0.056994819,0.501927525,1.099137931,1.578947368,2.947976879,0.05,17.22
241,316,507,534,445,174,166,159,121,279,78,47,-0.541125541,0.949438202,-0.090909091,0.534266765,1.053254438,1.689873418,2.215767635,0.06,11.69
241,299,469,444,359,131,135,113,98,203,82,61,-0.594254937,1.056306306,-0.105853051,0.50660066,0.946695096,1.484949833,1.842323651,0.05,9.18
381,466,618,502,473,217,212,192,143,113,47,35,-0.446685879,1.231075697,-0.02974359,0.412358134,0.812297735,1.077253219,1.317585302,25.83,13.83
442,489,663,509,499,216,207,176,124,116,49,39,-0.486131387,1.302554028,-0.009920635,0.411198073,0.767722474,1.040899796,1.15158371,27.04,12.06
144,142,259,313,270,84,111,103,77,399,110,68,-0.504807692,0.827476038,-0.073756432,0.602240896,1.208494208,2.204225352,2.173611111,0.04,14.65
269,380,482,519,524,270,279,258,213,600,143,91,-0.335907336,0.928709056,0.004793864,0.449674149,1.076763485,1.365789474,1.92936803,0.05,18.18
295,322,474,507,486,208,220,198,120,555,98,50,-0.438297872,0.934911243,-0.021148036,0.505755948,1.069620253,1.574534161,1.718644068,0.04,15.48
280,402,564,539,478,220,215,211,170,696,90,54,-0.437333333,1.046382189,-0.059980334,0.465780731,0.955673759,1.34079602,1.925,0.06,16.77
286,391,527,526,511,273,332,297,206,1255,131,81,-0.278250304,1.001901141,-0.014464802,0.458448753,0.998102467,1.345268542,1.839160839,0.06,24.28
422,598,784,716,732,452,445,431,395,1205,275,201,-0.248474281,1.094972067,0.011049724,0.42993327,0.913265306,1.197324415,1.696682464,0.07,27.69
520,580,776,676,735,483,458,391,360,1178,232,145,-0.26710403,1.147928994,0.041814316,0.429133858,0.871134021,1.165517241,1.3,0.08,30.59
326,436,540,425,552,271,318,256,187,1118,111,76,-0.248164464,1.270588235,0.129989765,0.377587438,0.787037037,0.974770642,1.303680982,0.12,30.1
169,223,353,424,408,192,168,186,112,494,93,50,-0.390163934,0.83254717,-0.019230769,0.554,1.201133144,1.901345291,2.50887574,0.09,14.58
151,280,364,384,348,148,142,129,69,332,65,42,-0.497076023,0.947916667,-0.049180328,0.455252918,1.054945055,1.371428571,2.543046358,0.08,14.8
132,160,273,283,216,75,92,90,69,448,88,59,-0.517426273,0.964664311,-0.134268537,0.553072626,1.036630037,1.76875,2.143939394,0.08,12.51
132,251,309,321,285,129,132,116,95,358,67,55,-0.469107551,0.962616822,-0.059405941,0.430192963,1.038834951,1.278884462,2.431818182,0.08,14.32
191,218,349,390,364,143,163,152,91,339,82,60,-0.439114391,0.894871795,-0.034482759,0.544409613,1.11747851,1.788990826,2.041884817,0.11,13.93
211,365,506,586,545,228,220,219,158,465,91,78,-0.455900621,0.863481229,-0.036251105,0.498970487,1.158102767,1.605479452,2.777251185,0.07,11.21
920,865,1015,1081,1164,1022,1074,1192,1067,2580,1406,1212,0.04883414,0.938945421,0.036971047,0.415737926,1.065024631,1.249710983,1.175,0.03,11.75
191,294,394,445,383,164,146,139,68,364,61,54,-0.523972603,0.885393258,-0.074879227,0.481023831,1.129441624,1.513605442,2.329842932,0.04,13.64
307,348,536,656,607,251,247,226,161,404,100,75,-0.487528345,0.817073171,-0.038796516,0.548051948,1.223880597,1.885057471,2.136807818,0.03,11.71
216,312,415,509,465,191,172,178,123,433,74,49,-0.481804949,0.815324165,-0.045174538,0.495145631,1.226506024,1.631410256,2.356481481,0.02,12.15
283,272,359,429,435,178,218,173,117,410,127,65,-0.425249169,0.836829837,0.006944444,0.486792453,1.194986072,1.577205882,1.51590106,0.02,16.88
